umbral;archivo;tipo;iou_mejor
0.5;H001_6345_cross_speaker.wav;cross_speaker;0.0
0.5;H001_6345_cross_speaker_ruido.wav;cross_speaker_ruido;0.772
0.5;H001_6345_same_speaker.wav;same_speaker;0.0
0.5;H002_2035_cross_speaker.wav;cross_speaker;0.1949
0.5;H002_2035_cross_speaker_ruido.wav;cross_speaker_ruido;0.8147
0.5;H002_2035_same_speaker.wav;same_speaker;0.0
0.5;H003_8842_cross_speaker.wav;cross_speaker;0.0
0.5;H003_8842_cross_speaker_ruido.wav;cross_speaker_ruido;0.7953
0.5;H003_8842_same_speaker.wav;same_speaker;0.0
0.5;H004_3170_cross_speaker.wav;cross_speaker;0.0
0.5;H004_3170_cross_speaker_ruido.wav;cross_speaker_ruido;0.426
0.5;H004_3170_same_speaker.wav;same_speaker;0.0
0.5;H005_1919_cross_speaker.wav;cross_speaker;0.0966
0.5;H005_1919_cross_speaker_ruido.wav;cross_speaker_ruido;0.6683
0.5;H005_1919_same_speaker.wav;same_speaker;0.0
0.5;H006_8297_cross_speaker.wav;cross_speaker;0.5988
0.5;H006_8297_cross_speaker_ruido.wav;cross_speaker_ruido;0.668
0.5;H006_8297_same_speaker.wav;same_speaker;0.0
0.5;H007_3000_cross_speaker.wav;cross_speaker;0.0
0.5;H007_3000_cross_speaker_ruido.wav;cross_speaker_ruido;0.3912
0.5;H007_3000_same_speaker.wav;same_speaker;0.0
0.5;H008_1988_cross_speaker.wav;cross_speaker;0.0
0.5;H008_1988_cross_speaker_ruido.wav;cross_speaker_ruido;0.6816
0.5;H008_1988_same_speaker.wav;same_speaker;0.284
0.5;H009_5536_cross_speaker.wav;cross_speaker;0.0
0.5;H009_5536_cross_speaker_ruido.wav;cross_speaker_ruido;0.6947
0.5;H009_5536_same_speaker.wav;same_speaker;0.0507
0.5;H010_6241_cross_speaker.wav;cross_speaker;0.0
0.5;H010_6241_cross_speaker_ruido.wav;cross_speaker_ruido;0.8484
0.5;H010_6241_same_speaker.wav;same_speaker;0.0
0.5;H011_3752_cross_speaker.wav;cross_speaker;0.0
0.5;H011_3752_cross_speaker_ruido.wav;cross_speaker_ruido;0.7352
0.5;H011_3752_same_speaker.wav;same_speaker;0.0
0.5;H012_3576_cross_speaker.wav;cross_speaker;0.0
0.5;H012_3576_cross_speaker_ruido.wav;cross_speaker_ruido;0.7368
0.5;H012_3576_same_speaker.wav;same_speaker;0.0
0.5;H013_7850_cross_speaker.wav;cross_speaker;0.5637
0.5;H013_7850_cross_speaker_ruido.wav;cross_speaker_ruido;0.7096
0.5;H013_7850_same_speaker.wav;same_speaker;0.0
0.5;H014_5338_cross_speaker.wav;cross_speaker;0.0
0.5;H014_5338_cross_speaker_ruido.wav;cross_speaker_ruido;0.5642
0.5;H014_5338_same_speaker.wav;same_speaker;0.0
0.5;H015_2277_cross_speaker.wav;cross_speaker;0.0
0.5;H015_2277_cross_speaker_ruido.wav;cross_speaker_ruido;0.4611
0.5;H015_2277_same_speaker.wav;same_speaker;0.0
0.5;H016_5895_cross_speaker.wav;cross_speaker;0.0
0.5;H016_5895_cross_speaker_ruido.wav;cross_speaker_ruido;0.634
0.5;H016_5895_same_speaker.wav;same_speaker;0.0
0.5;H017_6319_cross_speaker.wav;cross_speaker;0.0
0.5;H017_6319_cross_speaker_ruido.wav;cross_speaker_ruido;0.6927
0.5;H017_6319_same_speaker.wav;same_speaker;0.0
0.5;H018_6313_cross_speaker.wav;cross_speaker;0.0
0.5;H018_6313_cross_speaker_ruido.wav;cross_speaker_ruido;0.7257
0.5;H018_6313_same_speaker.wav;same_speaker;0.0
0.5;H019_5694_cross_speaker.wav;cross_speaker;0.0
0.5;H019_5694_cross_speaker_ruido.wav;cross_speaker_ruido;0.7557
0.5;H019_5694_same_speaker.wav;same_speaker;0.0
0.5;H020_1993_cross_speaker.wav;cross_speaker;0.08
0.5;H020_1993_cross_speaker_ruido.wav;cross_speaker_ruido;0.742
0.5;H020_1993_same_speaker.wav;same_speaker;0.0
0.5;H021_6295_cross_speaker.wav;cross_speaker;0.0
0.5;H021_6295_cross_speaker_ruido.wav;cross_speaker_ruido;0.527
0.5;H021_6295_same_speaker.wav;same_speaker;0.0
0.5;H022_2412_cross_speaker.wav;cross_speaker;0.0
0.5;H022_2412_cross_speaker_ruido.wav;cross_speaker_ruido;0.7599
0.5;H022_2412_same_speaker.wav;same_speaker;0.0
0.5;H023_422_cross_speaker.wav;cross_speaker;0.0
0.5;H023_422_cross_speaker_ruido.wav;cross_speaker_ruido;0.6303
0.5;H023_422_same_speaker.wav;same_speaker;0.0
0.5;H024_2086_cross_speaker.wav;cross_speaker;0.0
0.5;H024_2086_cross_speaker_ruido.wav;cross_speaker_ruido;0.6457
0.5;H024_2086_same_speaker.wav;same_speaker;0.0
0.5;H025_7976_cross_speaker.wav;cross_speaker;0.0
0.5;H025_7976_cross_speaker_ruido.wav;cross_speaker_ruido;0.5489
0.5;H025_7976_same_speaker.wav;same_speaker;0.0
0.5;H026_3853_cross_speaker.wav;cross_speaker;0.0
0.5;H026_3853_cross_speaker_ruido.wav;cross_speaker_ruido;0.7217
0.5;H026_3853_same_speaker.wav;same_speaker;0.0
0.5;H027_3536_cross_speaker.wav;cross_speaker;0.1405
0.5;H027_3536_cross_speaker_ruido.wav;cross_speaker_ruido;0.8928
0.5;H027_3536_same_speaker.wav;same_speaker;0.0
0.5;H028_174_cross_speaker.wav;cross_speaker;0.0
0.5;H028_174_cross_speaker_ruido.wav;cross_speaker_ruido;0.8465
0.5;H028_174_same_speaker.wav;same_speaker;0.0
0.5;H029_1272_cross_speaker.wav;cross_speaker;0.0
0.5;H029_1272_cross_speaker_ruido.wav;cross_speaker_ruido;0.2915
0.5;H029_1272_same_speaker.wav;same_speaker;0.5951
0.5;H030_2902_cross_speaker.wav;cross_speaker;0.0
0.5;H030_2902_cross_speaker_ruido.wav;cross_speaker_ruido;0.6971
0.5;H030_2902_same_speaker.wav;same_speaker;0.0
0.3;H001_6345_cross_speaker.wav;cross_speaker;0.3088
0.3;H001_6345_cross_speaker_ruido.wav;cross_speaker_ruido;0.5147
0.3;H001_6345_same_speaker.wav;same_speaker;0.1227
0.3;H002_2035_cross_speaker.wav;cross_speaker;0.5433
0.3;H002_2035_cross_speaker_ruido.wav;cross_speaker_ruido;0.4444
0.3;H002_2035_same_speaker.wav;same_speaker;0.0
0.3;H003_8842_cross_speaker.wav;cross_speaker;0.6817
0.3;H003_8842_cross_speaker_ruido.wav;cross_speaker_ruido;0.6817
0.3;H003_8842_same_speaker.wav;same_speaker;0.2312
0.3;H004_3170_cross_speaker.wav;cross_speaker;0.213
0.3;H004_3170_cross_speaker_ruido.wav;cross_speaker_ruido;0.284
0.3;H004_3170_same_speaker.wav;same_speaker;0.1764
0.3;H005_1919_cross_speaker.wav;cross_speaker;0.5847
0.3;H005_1919_cross_speaker_ruido.wav;cross_speaker_ruido;0.3898
0.3;H005_1919_same_speaker.wav;same_speaker;0.0525
0.3;H006_8297_cross_speaker.wav;cross_speaker;0.5567
0.3;H006_8297_cross_speaker_ruido.wav;cross_speaker_ruido;0.3036
0.3;H006_8297_same_speaker.wav;same_speaker;0.0
0.3;H007_3000_cross_speaker.wav;cross_speaker;0.2034
0.3;H007_3000_cross_speaker_ruido.wav;cross_speaker_ruido;0.326
0.3;H007_3000_same_speaker.wav;same_speaker;0.2394
0.3;H008_1988_cross_speaker.wav;cross_speaker;0.142
0.3;H008_1988_cross_speaker_ruido.wav;cross_speaker_ruido;0.1893
0.3;H008_1988_same_speaker.wav;same_speaker;0.8652
0.3;H009_5536_cross_speaker.wav;cross_speaker;0.4301
0.3;H009_5536_cross_speaker_ruido.wav;cross_speaker_ruido;0.3789
0.3;H009_5536_same_speaker.wav;same_speaker;0.4889
0.3;H010_6241_cross_speaker.wav;cross_speaker;0.6057
0.3;H010_6241_cross_speaker_ruido.wav;cross_speaker_ruido;0.5303
0.3;H010_6241_same_speaker.wav;same_speaker;0.0
0.3;H011_3752_cross_speaker.wav;cross_speaker;0.0921
0.3;H011_3752_cross_speaker_ruido.wav;cross_speaker_ruido;0.2828
0.3;H011_3752_same_speaker.wav;same_speaker;0.245
0.3;H012_3576_cross_speaker.wav;cross_speaker;0.2739
0.3;H012_3576_cross_speaker_ruido.wav;cross_speaker_ruido;0.5263
0.3;H012_3576_same_speaker.wav;same_speaker;0.4174
0.3;H013_7850_cross_speaker.wav;cross_speaker;0.1867
0.3;H013_7850_cross_speaker_ruido.wav;cross_speaker_ruido;0.3225
0.3;H013_7850_same_speaker.wav;same_speaker;0.4361
0.3;H014_5338_cross_speaker.wav;cross_speaker;0.0084
0.3;H014_5338_cross_speaker_ruido.wav;cross_speaker_ruido;0.5016
0.3;H014_5338_same_speaker.wav;same_speaker;0.3178
0.3;H015_2277_cross_speaker.wav;cross_speaker;0.0
0.3;H015_2277_cross_speaker_ruido.wav;cross_speaker_ruido;0.2018
0.3;H015_2277_same_speaker.wav;same_speaker;0.2571
0.3;H016_5895_cross_speaker.wav;cross_speaker;0.3541
0.3;H016_5895_cross_speaker_ruido.wav;cross_speaker_ruido;0.3522
0.3;H016_5895_same_speaker.wav;same_speaker;0.1165
0.3;H017_6319_cross_speaker.wav;cross_speaker;0.1697
0.3;H017_6319_cross_speaker_ruido.wav;cross_speaker_ruido;0.3502
0.3;H017_6319_same_speaker.wav;same_speaker;0.2579
0.3;H018_6313_cross_speaker.wav;cross_speaker;0.5607
0.3;H018_6313_cross_speaker_ruido.wav;cross_speaker_ruido;0.5603
0.3;H018_6313_same_speaker.wav;same_speaker;0.0
0.3;H019_5694_cross_speaker.wav;cross_speaker;0.201
0.3;H019_5694_cross_speaker_ruido.wav;cross_speaker_ruido;0.3023
0.3;H019_5694_same_speaker.wav;same_speaker;0.0
0.3;H020_1993_cross_speaker.wav;cross_speaker;0.4947
0.3;H020_1993_cross_speaker_ruido.wav;cross_speaker_ruido;0.4047
0.3;H020_1993_same_speaker.wav;same_speaker;0.0
0.3;H021_6295_cross_speaker.wav;cross_speaker;0.1622
0.3;H021_6295_cross_speaker_ruido.wav;cross_speaker_ruido;0.248
0.3;H021_6295_same_speaker.wav;same_speaker;0.1824
0.3;H022_2412_cross_speaker.wav;cross_speaker;0.0387
0.3;H022_2412_cross_speaker_ruido.wav;cross_speaker_ruido;0.6952
0.3;H022_2412_same_speaker.wav;same_speaker;0.2476
0.3;H023_422_cross_speaker.wav;cross_speaker;0.756
0.3;H023_422_cross_speaker_ruido.wav;cross_speaker_ruido;0.3152
0.3;H023_422_same_speaker.wav;same_speaker;0.0354
0.3;H024_2086_cross_speaker.wav;cross_speaker;0.3518
0.3;H024_2086_cross_speaker_ruido.wav;cross_speaker_ruido;0.5022
0.3;H024_2086_same_speaker.wav;same_speaker;0.6703
0.3;H025_7976_cross_speaker.wav;cross_speaker;0.5343
0.3;H025_7976_cross_speaker_ruido.wav;cross_speaker_ruido;0.2915
0.3;H025_7976_same_speaker.wav;same_speaker;0.2216
0.3;H026_3853_cross_speaker.wav;cross_speaker;0.1546
0.3;H026_3853_cross_speaker_ruido.wav;cross_speaker_ruido;0.4811
0.3;H026_3853_same_speaker.wav;same_speaker;0.515
0.3;H027_3536_cross_speaker.wav;cross_speaker;0.5577
0.3;H027_3536_cross_speaker_ruido.wav;cross_speaker_ruido;0.744
0.3;H027_3536_same_speaker.wav;same_speaker;0.0
0.3;H028_174_cross_speaker.wav;cross_speaker;0.6772
0.3;H028_174_cross_speaker_ruido.wav;cross_speaker_ruido;0.5643
0.3;H028_174_same_speaker.wav;same_speaker;0.3228
0.3;H029_1272_cross_speaker.wav;cross_speaker;0.1
0.3;H029_1272_cross_speaker_ruido.wav;cross_speaker_ruido;0.1458
0.3;H029_1272_same_speaker.wav;same_speaker;0.1586
0.3;H030_2902_cross_speaker.wav;cross_speaker;0.0085
0.3;H030_2902_cross_speaker_ruido.wav;cross_speaker_ruido;0.1525
0.3;H030_2902_same_speaker.wav;same_speaker;0.3532
